A2600-01|2|蘇
A2600-02|2|蘇
A2600-03|2|蘇
A2600-04|2|蘇
A2600-06|2|蘇
A2600-07|2|蘇
A2600-08|2|蘇
A2600-09|2|蘇
A2600-10|2|蘇
A2600-11|2|蘇
A2600-12|2|蘇
A2600-13|2|蘇
A2600-14|2|蘇
A2600-15|2|蘇
A2600-16|2|蘇
A2600-17|2|蘇
A2600-18|2|蘇
A2600-19|2|蘇
A2600-20|2|蘇
A2600-21|2|蘇
A2600-22|2|蘇
A2600-23|2|蘇
A2600-24|2|蘇
A2600-25|2|蘇
A2600-26|2|蘇
A2600-27|2|蘇
A2600-28|2|蘇
A2600-30|2|蘇
A2600-31|2|蘇
A2600-32|2|蘇
A2600-33|2|蘇
A2600-35|2|蘇
A2600-36|2|蘇
A2600-41|2|蘇
A2600-43|2|蘇
A2600-45|2|蘇
A2600-46|2|蘇
A2600-50|2|蘇
A2600-51|2|蘇
A2600-52|2|蘇
A2600-53|2|蘇
A2600-54|2|蘇
A2600-55|2|蘇
A2600-56|2|蘇
A3050-34|2|蘇
A3050-37|2|蘇
A3050-38|2|蘇
A3050-39|2|蘇
A3050-40|2|蘇
A3050-42|2|蘇
A3050-47|2|蘇
A3050-48|2|蘇
A3050-49|2|蘇
G103|2|蘇
GT-24|2|蘇
GT-25|2|蘇
GT-26|2|蘇
GT-27|2|蘇
GT-30|2|蘇
GT-31|2|蘇
GT-32|2|蘇
RS236-01|2|蘇
RS236-02|2|蘇
RS236-03|2|蘇
RS236-04|2|蘇
RS236-05|2|蘇
RS236-06|2|蘇
RS236-07|2|蘇
RS236-08|2|蘇
RS236-09|2|蘇
RS236-10|2|蘇
RS236-11|2|蘇
RS236-12|2|蘇
S060-01|2|蘇
S060-03|2|蘇
S060-05|2|蘇
S060-05|2|蘇
S060-05|2|蘇
S060-06|2|蘇
S060-07|2|蘇
S060-08|2|蘇
S060-09|2|蘇
S060-10|2|蘇
S124-11|2|蘇
S124-12|2|蘇
S124-13|2|蘇
S124-14|2|蘇
S124-15|2|蘇
S124-16|2|蘇
S160-16|2|蘇
S160-17|2|蘇
S160-18|2|蘇
S160-19|2|蘇
S160-21|2|蘇
S160-22|2|蘇
S160-23|2|蘇
SC-01|2|蘇
SC-02|2|蘇
SC-03|2|蘇
SC-04|2|蘇
SC-05|2|蘇
TH3000-63|2|蘇
V171-28|2|蘇
V171-29|2|蘇
W100-02|2|蘇
W100-03|2|蘇
W100-04|2|蘇
W100-05|2|蘇
W100-06|2|蘇
W100-07|2|蘇
W100-08|2|蘇
W100-09|2|蘇
W100-10|2|蘇
W100-11|2|蘇
W100-12|2|蘇
W100-13|2|蘇
W100-14|2|蘇
W100-15|2|蘇
W100-16|2|蘇
W100-17|2|蘇
W100-18|2|蘇
W100-19|2|蘇
W100-20|2|蘇
W100-21|2|蘇
W100-22|2|蘇
W100-23|2|蘇
W100-24|2|蘇
W100-25|2|蘇
W100-26|2|蘇
W100-27|2|蘇
W100-29|2|蘇
W168-30|2|蘇
W100-31|2|蘇
W100-32|2|蘇
W100-35|2|蘇
W100-36|2|蘇
W100-41|2|蘇
W100-43|2|蘇
W100-44|2|蘇
W100-48|2|蘇
W100-49|2|蘇
W100-53|2|蘇
W100-54|2|蘇
W100-55|2|蘇
W100-56|2|蘇
W100-57|2|蘇
W100-58|2|蘇
W168-33|2|蘇
W168-34|2|蘇
W168-37|2|蘇
W168-38|2|蘇
W168-42|2|蘇
W168-45|2|蘇
W168-63|2|蘇
W250-39|2|蘇
W250-40|2|蘇
W3000-46|2|蘇
W3000-47|2|蘇
W3000-51|2|蘇
W3000-52|2|蘇
W303-59|2|蘇
W303-60|2|蘇
W303-61|2|蘇
W303-62|2|蘇
