A2600-01|6.3x11
A2600-02|10x16
A2600-03|10x16
A2600-04|6.3x11
A2600-06|6.3x11
A2600-07|5x11
A2600-08|5x11
A2600-09|8x15
A2600-10|5x11
A2600-11|5x11
A2600-12|5x11
A2600-13|8x15
A2600-14|5x11
A2600-15|8x11.5
A2600-16|5x11
A2600-17|6.3x11
A2600-18|6.3x11
A2600-19|6.3x11
A2600-20|10x12.5
A2600-21|6.3x11
A2600-22|6.3x11
A2600-23|8x11.5
A2600-24|10x12.5
A2600-25|10x16
A2600-26|8x11.5
A2600-27|8x15
A2600-28|8x11.5
A2600-30|10x25
A2600-31|8x11.5
A2600-32|10x16
A2600-33|10x20
A2600-35|10x20
A2600-36|8x11.5
A2600-41|12.5x15
A2600-43|8x11.5
A2600-45|10x16
A2600-46|10x16
A2600-50|8x20
A2600-51|6.3x11
A2600-52|10x12.5
A2600-53|10x16
A2600-54|10x20
A2600-55|10x16
A2600-56|10x16
A3050-34|16
A3050-37|12.5
A3050-38|12.5
A3050-39|18
A3050-40|18
A3050-42|16
A3050-47|18
A3050-49|12.5
G103|18
GT-24|16
GT-25|8
GT-26|16
GT-27|6
GT-30|16
GT-31|8
GT-32|8
RS236-01|10
RS236-02|8
RS236-03|8
RS236-04|5
RS236-05|8
RS236-06|5
RS236-07|5
RS236-08|5
RS236-09|10
RS236-10|10
RS236-11|10
S060-01|5
S060-03|5
S060-05|5
S060-05|5
S060-06|5
S060-07|6
S060-08|6
S060-09|6
S124-11|8
S124-12|8
S124-13|8
S124-14|10
S124-15|10
S124-16|10
S160-20|18
S160-17|10
S160-18|16
S160-19|18
S160-21|16
S160-22|18
S160-23|18
SC-01|5
SC-02|10
SC-03|12
SC-04|5
SC-05|8
TH3000-63|16
W100-02|6.3x11
W100-03|10x16
W100-04|10x16
W100-05|8x11.5
W100-06|10x12.5
W100-07|5x11
W100-08|5x11
W100-09|8x20
W100-10|5x11
W100-11|5x11
W100-12|5x11
W100-13|8x15
W100-14|5x11
W100-15|6.3x11
W100-16|5x11
W100-17|6.3x11
W100-18|8x11.5
W100-19|6.3x11
W100-20|8x15
W100-21|6.3x11
W100-22|6.3x11
W100-23|10x12.5
W100-24|10x16
W100-25|6.3x11
W100-26|8x11.5
W100-27|10x12.5
W100-29|8x15
W168-30|10x25
W100-31|8x11.5
W100-32|10x16
W100-35|10x20
W100-36|8x11.5
W100-41|12.5x15
W100-43|8x11.5
W100-44|6.3x11
W100-48|8x11.5
W100-49|6.3x11
W100-53|10x16
W100-54|10x20
W100-55|10x16
W100-56|10x16
W100-57|10x16
W100-58|6.3x11
W168-33|10x20
W168-34|12.5x20
W168-37|12.5x25
W168-38|12.5x20
W168-42|12.5x20
W168-45|12.5x20
W168-63|12.5x25
W250-39|18
W250-40|16
W3000-46|18
W3000-47|18
W3000-51|18
W3000-52|18
W303-59|18
W303-60|18
W303-61|18
W303-62|18
